{
    "discovered_sympy": [
        "0.624180647297684*x0 + 2.77931205714116*x11 + 2.6828735696368*x12 - 0.154643704114015*x28 - 2.22371170369043*x3 + 1.94134648494269*x7 + 0.152316826937057*x9 + 9.60030353659815e-6"
    ],
    "health_check": {
        "Symbolic R2": -257283248.0,
        "Energy Drift": 0.00015051581485759594,
        "OOD R2": -4616.3779296875,
        "Lyapunov": -6.433914349195538,
        "Stability Score": 0.0,
        "Symplectic Drift": 1.0
    },
    "config": {
        "particles": 4,
        "super_nodes": 2,
        "sim": "spring"
    }
}