{
    "discovered_sympy": [
        "0.26317467219466*x1 + 3.41751534177225e-5"
    ],
    "health_check": {
        "Symbolic R2": -3404047.25,
        "Energy Drift": 0.0,
        "OOD R2": -0.0021009817719459534,
        "Lyapunov": -18.040722682326063,
        "Stability Score": 0.0,
        "Symplectic Drift": 1.0
    },
    "config": {
        "particles": 4,
        "super_nodes": 2,
        "sim": "spring"
    }
}