{
    "discovered_sympy": [
        "SeparableHamiltonian(V=0.081857*x1 - 0.078034*x3 + 0.093416, T=p^2/2)"
    ],
    "recovered_constants": {
        "target_0_lj": {
            "epsilon": 0.021466536447405815,
            "sigma": 0.9920614957809448
        }
    },
    "stability_score": 0.9999999998274338,
    "symplectic_drift": 1.7930192441895088e-08,
    "energy_drift": 0.0,
    "health_check": {
        "Symbolic Parsimony": 5.627810688244442,
        "Latent Correlation": 0.9311310006091529,
        "Flicker Rate": 9.924946789396927e-05,
        "Symbolic R2": 0.533065971543037
    },
    "config": {
        "particles": 4,
        "super_nodes": 4,
        "latent_dim": 8,
        "hidden_dim": 128,
        "hamiltonian": true,
        "min_active": 4,
        "sim": "lj",
        "dt": 0.0005
    }
}